pdb_id,ligand_id,Domain_Type,Class,chain_a,chain_b,smiles
1FAP,RAP,domain-domain,heterodimerization-nondegrader,A,B,C[C@@H]1CC[C@H]2C[C@@H](C(=CC=C\C=C\[C@H](C[C@H](C(=O)[C@@H]([C@@H](/C(=C/[C@H](C(=O)C[C@H](OC(=O)[C@@H]3CCCCN3C(=O)C(=O)[C@@]1(O2)O)[C@H](C)C[C@@H]4CC[C@H]([C@@H](C4)OC)O)C)/C)O)OC)C)C)C)OC
1NSG,RAD,domain-domain,heterodimerization-nondegrader,A,B,CCO[C@H]\1C[C@@H]2CC[C@H]([C@@](O2)(C(=O)C(=O)N3CCCC[C@H]3C(=O)O[C@@H](CC(=O)[C@@H](/C=C(/[C@H]([C@H](C(=O)[C@@H](C[C@@H](/C=C/C=C/C=C1\C)C)C)OC)O)\C)C)[C@H](C)C[C@@H]4CC[C@H]([C@@H](C4)OC)O)O)C
2FAP,RAD,domain-domain,heterodimerization-nondegrader,A,B,CCO[C@H]\1C[C@@H]2CC[C@H]([C@@](O2)(C(=O)C(=O)N3CCCC[C@H]3C(=O)O[C@@H](CC(=O)[C@@H](/C=C(/[C@H]([C@H](C(=O)[C@@H](C[C@@H](/C=C/C=C/C=C1\C)C)C)OC)O)\C)C)[C@H](C)C[C@@H]4CC[C@H]([C@@H](C4)OC)O)O)C
3FAP,ARD,domain-domain,heterodimerization-nondegrader,A,B,Cc1ccc(s1)[C@@H]/2C[C@@H]3CC[C@H]([C@@](O3)(C(=O)C(=O)N4CCCC[C@H]4C(=O)O[C@@H](CC(=O)[C@@H](\C=C(\[C@H]([C@H](C(=O)[C@@H](C[C@@H](\C=C\C=C\C=C2/C)C)C)OC)O)/C)C)[C@H](C)C[C@@H]5CC[C@H]([C@@H](C5)OC)O)O)C
4FAP,ARD,domain-domain,heterodimerization-nondegrader,A,B,Cc1ccc(s1)[C@@H]/2C[C@@H]3CC[C@H]([C@@](O3)(C(=O)C(=O)N4CCCC[C@H]4C(=O)O[C@@H](CC(=O)[C@@H](\C=C(\[C@H]([C@H](C(=O)[C@@H](C[C@@H](\C=C\C=C\C=C2/C)C)C)OC)O)/C)C)[C@H](C)C[C@@H]5CC[C@H]([C@@H](C5)OC)O)O)C
1KKQ,471,domain-motif,heterodimerization-nondegrader,A,E,CCC(=O)NC[C@H](Cc1ccc(cc1)OCCc2c(oc(n2)c3ccccc3)C)N/C(=C\C(=O)c4ccc(cc4)C(F)(F)F)/C
1RE0,AFB,domain-domain,heterodimerization-nondegrader,A,B,C[C@H]1CCC\C=C\[C@@H]2C[C@@H](C[C@H]2[C@@H](\C=C\C(=O)O1)O)O
1R8Q,AFB,domain-domain,heterodimerization-nondegrader,A,E,C[C@H]1CCC\C=C\[C@@H]2C[C@@H](C[C@H]2[C@@H](\C=C\C(=O)O1)O)O
2OVM,AS0,domain-motif,heterodimerization-nondegrader,A,B,C[C@]12C[C@@H](C3=C4CCC(=O)C=C4CC[C@H]3[C@@H]1CC[C@]2(COC)OC)c5ccc(cc5)\C=N\O
2O98,FSC,domain-motif,heterodimerization-nondegrader,A,P,C[C@@H]1[C@@H]\2CC[C@@H](/C2=C/[C@]3([C@H](CC(=C3[C@H]([C@@H]1O)O[C@@H]4[C@@H]([C@H]([C@@H]([C@H](O4)COC(C)(C)C=C)O)OC(=O)C)O)[C@H](C)COC(=O)C)O)C)COC
3E6Y,CW1,domain-motif,heterodimerization-nondegrader,A,C,C[C@@H]1[C@@H]\2CC[C@@](/C2=C/[C@]3(CCC(=C3[C@H]([C@@H]1O)O[C@@H]4[C@@H]([C@@H]5[C@]6([C@@H](O4)COC)O[C@H](O5)C(O6)(C)CCOC=O)O)C(C)C)C)(COC)O
3JRQ,A8S,domain-domain,heterodimerization-nondegrader,A,B,CC1=CC(=O)CC([C@]1(/C=C/C(=CC(=O)O)C)O)(C)C
3KDJ,A8S,domain-domain,heterodimerization-nondegrader,A,B,CC1=CC(=O)CC([C@]1(/C=C/C(=CC(=O)O)C)O)(C)C
3KB3,A8S,domain-domain,heterodimerization-nondegrader,A,B,CC1=CC(=O)CC([C@]1(/C=C/C(=CC(=O)O)C)O)(C)C
3M50,EBT,domain-motif,heterodimerization-nondegrader,A,P,CC(C)C[C@@H](C(=O)O)NC(=O)[C@@H]([C@@H](Cc1ccccc1)N)O
3M51,YR1,domain-motif,heterodimerization-nondegrader,A,P,c1ccc(cc1)C(=O)C2=C(C(=O)N([C@H]2c3ccc(cc3)[N+](=O)[O-])c4ccc(c(c4)C(=O)O)O)O
3KMZ,EQO,domain-motif,heterodimerization-nondegrader,A,D,CC1(CC=C(c2c1ccc(c2)/C=C/c3ccc(cc3)C(=O)O)C#Cc4ccccc4)C
3IQV,FSC,domain-motif,heterodimerization-nondegrader,A,P,C[C@@H]1[C@@H]\2CC[C@@H](/C2=C/[C@]3([C@H](CC(=C3[C@H]([C@@H]1O)O[C@@H]4[C@@H]([C@H]([C@@H]([C@H](O4)COC(C)(C)C=C)O)OC(=O)C)O)[C@H](C)COC(=O)C)O)C)COC
3O8I,M1T,domain-motif,heterodimerization-nondegrader,A,B,CC1(CC=C(c2c1ccc(c2)/C=C/c3ccc(cc3)C(=O)O)C#Cc4ccccc4)C
3QN1,A8S,domain-domain,heterodimerization-nondegrader,A,B,CC1=CC(=O)CC([C@]1(/C=C/C(=CC(=O)O)C)O)(C)C
3QEL,QEL,domain-domain,heterodimerization-nondegrader,A,B,C[C@@H](C(c1ccc(cc1)O)O)N2CCC(CC2)Cc3ccccc3
3P1O,FSC,domain-motif,heterodimerization-nondegrader,A,P,C[C@@H]1[C@@H]\2CC[C@@H](/C2=C/[C@]3([C@H](CC(=C3[C@H]([C@@H]1O)O[C@@H]4[C@@H]([C@H]([C@@H]([C@H](O4)COC(C)(C)C=C)O)OC(=O)C)O)[C@H](C)COC(=O)C)O)C)COC
4A69,I0P,domain-domain,heterodimerization-nondegrader,A,C,[C@H]1([C@@H]([C@H]([C@@H]([C@H]([C@@H]1OP(=O)(O)O)OP(=O)(O)O)OP(=O)(O)O)OP(=O)(O)O)O)O
3UJL,A8S,domain-domain,heterodimerization-nondegrader,A,B,CC1=CC(=O)CC([C@]1(/C=C/C(=CC(=O)O)C)O)(C)C
4DS8,A8S,domain-domain,heterodimerization-nondegrader,A,B,CC1=CC(=O)CC([C@]1(/C=C/C(=CC(=O)O)C)O)(C)C
3ZVU,A8S,domain-domain,heterodimerization-nondegrader,A,B,CC1=CC(=O)CC([C@]1(/C=C/C(=CC(=O)O)C)O)(C)C
3SPR,FC7,domain-motif,heterodimerization-nondegrader,A,P,C[C@@H]1[C@@H]2CC[C@@H](C2=C[C@]3([C@@H]4[C@@H](CCO4)C(=C3[C@H]([C@@H]1O)O[C@@H]5[C@@H]([C@H]([C@H]6[C@H](O5)COC(O6)(C)C)O)O)C(C)C)C)COC
3SMK,CW7,domain-motif,heterodimerization-nondegrader,A,P,CC(C)C1=C2[C@H]([C@@H](C(=C)[C@@H]3CC[C@@]([C@H]3C[C@]2(CC1)C)(COC)O)O)O[C@@H]4[C@H]([C@@H]5[C@]6([C@H](O4)COC)O[C@H](O5)[C@](O6)(C)[C@@H]7CO7)O
3SML,FW1,domain-motif,heterodimerization-nondegrader,A,P,COC[C@H]1CC[C@H]\2[C@@H](C)[C@@H](O)[C@H](O)C3=C(C[C@H](O)[C@]3(C)\C=C1\2)[C@H](C)COC(C)=O
3SMN,FC7,domain-motif,heterodimerization-nondegrader,A,P,C[C@@H]1[C@@H]2CC[C@@H](C2=C[C@]3([C@@H]4[C@@H](CCO4)C(=C3[C@H]([C@@H]1O)O[C@@H]5[C@@H]([C@H]([C@H]6[C@H](O5)COC(O6)(C)C)O)O)C(C)C)C)COC
3SMM,FJA,domain-motif,heterodimerization-nondegrader,A,P,CC1C\2CCC(/C2=C/C3(C(CC(=C3C(C1O)O)C(C)C)O)C)COC
3SMO,FJA,domain-motif,heterodimerization-nondegrader,A,P,CC1C\2CCC(/C2=C/C3(C(CC(=C3C(C1O)O)C(C)C)O)C)COC
4G28,0W8,domain-domain,heterodimerization-nondegrader,B,R,CCN1c2ccccc2NC1=O
4G27,PHU,domain-domain,heterodimerization-nondegrader,B,R,c1ccc(cc1)NC(=O)N
3UX0,0DV,domain-motif,heterodimerization-nondegrader,A,P,C[C@@H]1[C@@H]\2CC[C@@H](/C2=C/[C@]3(CCC(=C3[C@H]([C@@H]1O)O[C@@H]4[C@@H]([C@@H]([C@H]([C@H](O4)CO)O)O)O)C(C)C)C)CO
4DRH,RAP,domain-domain,heterodimerization-nondegrader,A,B,C[C@@H]1CC[C@H]2C[C@@H](C(=CC=C\C=C\[C@H](C[C@H](C(=O)[C@@H]([C@@H](/C(=C/[C@H](C(=O)C[C@H](OC(=O)[C@@H]3CCCCN3C(=O)C(=O)[C@@]1(O2)O)[C@H](C)C[C@@H]4CC[C@H]([C@@H](C4)OC)O)C)/C)O)OC)C)C)C)OC
4DRI,RAP,domain-domain,heterodimerization-nondegrader,A,B,C[C@@H]1CC[C@H]2C[C@@H](C(=CC=C\C=C\[C@H](C[C@H](C(=O)[C@@H]([C@@H](/C(=C/[C@H](C(=O)C[C@H](OC(=O)[C@@H]3CCCCN3C(=O)C(=O)[C@@]1(O2)O)[C@H](C)C[C@@H]4CC[C@H]([C@@H](C4)OC)O)C)/C)O)OC)C)C)C)OC
4DRJ,RAP,domain-domain,heterodimerization-nondegrader,A,B,C[C@@H]1CC[C@H]2C[C@@H](C(=CC=C\C=C\[C@H](C[C@H](C(=O)[C@@H]([C@@H](/C(=C/[C@H](C(=O)C[C@H](OC(=O)[C@@H]3CCCCN3C(=O)C(=O)[C@@]1(O2)O)[C@H](C)C[C@@H]4CC[C@H]([C@@H](C4)OC)O)C)/C)O)OC)C)C)C)OC
4J9Z,1KP,domain-domain,heterodimerization-nondegrader,B,R,c1cc(c(c2c1C(=NO)C(=O)N2)Cl)Cl
4FR3,0V4,domain-motif,heterodimerization-nondegrader,A,P,C[C@@H]1[C@@H]\2CC[C@@H](/C2=C/[C@]3(CCC(=C3[C@H]([C@@H]1O)O[C@@H]4[C@@H]([C@H]([C@@H]([C@H](O4)CO)O)O)O)C(C)C)C)COC
4JDD,FSC,domain-domain,heterodimerization-nondegrader,A,B,C[C@@H]1[C@@H]\2CC[C@@H](/C2=C/[C@]3([C@H](CC(=C3[C@H]([C@@H]1O)O[C@@H]4[C@@H]([C@H]([C@@H]([C@H](O4)COC(C)(C)C=C)O)OC(=O)C)O)[C@H](C)COC(=O)C)O)C)COC
4LSX,BLD,domain-domain,heterodimerization-nondegrader,A,C,C[C@@H]([C@H]1CC[C@@H]2[C@@]1(CC[C@H]3[C@H]2COC(=O)[C@@H]4[C@@]3(C[C@H]([C@H](C4)O)O)C)C)[C@H]([C@@H]([C@@H](C)C(C)C)O)O
4IHL,1F5,domain-motif,heterodimerization-nondegrader,A,P,C[C@@H]1[C@@H]\2CC[C@@](/C2=C/[C@]3(CCC(=C3[C@H]([C@@H]1O)O[C@@H]4[C@@H]([C@@H]5[C@]6([C@H](O4)COC)O[C@H](O5)[C@](O6)(C)[C@@H]7CO7)O)C(C)C)C)(COC)O
4M7E,BLD,domain-domain,heterodimerization-nondegrader,A,C,C[C@@H]([C@H]1CC[C@@H]2[C@@]1(CC[C@H]3[C@H]2COC(=O)[C@@H]4[C@@]3(C[C@H]([C@H](C4)O)O)C)C)[C@H]([C@@H]([C@@H](C)C(C)C)O)O
4MDK,U94,domain-domain,heterodimerization-nondegrader,A,E,COCC(=O)N[C@@H](Cc1ccc(cc1)c2cc(cc(c2)Cl)Cl)[C@@H]([C@H](C(=O)O)O)O
4OIC,A8S,domain-domain,heterodimerization-nondegrader,A,B,CC1=CC(=O)CC([C@]1(/C=C/C(=CC(=O)O)C)O)(C)C
4TR9,38D,domain-motif,heterodimerization-nondegrader,B,I,c1cc(c(cc1C(=O)N/N=C/c2ccc(cc2Cl)Cl)O)O
5D3F,FSC,domain-motif,heterodimerization-nondegrader,B,C,C[C@@H]1[C@@H]\2CC[C@@H](/C2=C/[C@]3([C@H](CC(=C3[C@H]([C@@H]1O)O[C@@H]4[C@@H]([C@H]([C@@H]([C@H](O4)COC(C)(C)C=C)O)OC(=O)C)O)[C@H](C)COC(=O)C)O)C)COC
3SP5,CX7,domain-motif,heterodimerization-nondegrader,A,P,C[C@@H]1[C@@H]\2CC[C@@](/C2=C/[C@]3(CCC(=C3[C@H]([C@@H]1O)O)C(C)C)C)(COC)O
5EXA,5SO,domain-motif,heterodimerization-nondegrader,A,D,C[C@@H]1[C@@H]\2CC[C@@H](/C2=C/[C@]3(CCC(=C3[C@H]([C@@H]1O)O[C@H]4[C@@H]([C@H]([C@H]5[C@H](O4)COC(O5)(C)C)O)O)C(C)C)C)COC
5JO2,A8S,domain-domain,heterodimerization-nondegrader,A,B,CC1=CC(=O)CC([C@]1(/C=C/C(=CC(=O)O)C)O)(C)C
5MN0,A8S,domain-domain,heterodimerization-nondegrader,A,B,CC1=CC(=O)CC([C@]1(/C=C/C(=CC(=O)O)C)O)(C)C
5GWO,A8S,domain-domain,heterodimerization-nondegrader,A,C,CC1=CC(=O)CC([C@]1(/C=C/C(=CC(=O)O)C)O)(C)C
5GWP,A8S,domain-domain,heterodimerization-nondegrader,A,C,CC1=CC(=O)CC([C@]1(/C=C/C(=CC(=O)O)C)O)(C)C
5MXO,FSC,domain-motif,heterodimerization-nondegrader,A,P,C[C@@H]1[C@@H]\2CC[C@@H](/C2=C/[C@]3([C@H](CC(=C3[C@H]([C@@H]1O)O[C@@H]4[C@@H]([C@H]([C@@H]([C@H](O4)COC(C)(C)C=C)O)OC(=O)C)O)[C@H](C)COC(=O)C)O)C)COC
6GHP,EZ5,domain-motif,heterodimerization-nondegrader,A,P,C[C@@H]1[C@@H]\2CC[C@@H](/C2=C/[C@]3([C@H](CC(=C3[C@H]([C@@H]1O)O[C@@H]4[C@@H]([C@H]([C@@H]([C@H](O4)COC(C)(C)C=C)O)O)O)[C@H](C)CNC(=O)C)O)C)COC
5ZCG,A8S,domain-domain,heterodimerization-nondegrader,B,D,CC1=CC(=O)CC([C@]1(/C=C/C(=CC(=O)O)C)O)(C)C
5ZCH,A8S,domain-domain,heterodimerization-nondegrader,A,C,CC1=CC(=O)CC([C@]1(/C=C/C(=CC(=O)O)C)O)(C)C
5ZCL,A8S,domain-domain,heterodimerization-nondegrader,A,C,CC1=CC(=O)CC([C@]1(/C=C/C(=CC(=O)O)C)O)(C)C
6N4N,TSV,domain-domain,heterodimerization-nondegrader,A,F,CC(C)(C)OC(=O)N[C@H]1CCCCC/C=C\[C@@H]2C[C@]2(NC(=O)[C@@H]3C[C@H](CN3C1=O)OC(=O)n4cc5cccc(c5c4)F)C(=O)NS(=O)(=O)C6CC6
6OB5,FPP,domain-domain,heterodimerization-nondegrader,B,D,CC(=CCC/C(=C/CC/C(=C/CO[P@@](=O)(O)OP(=O)(O)O)/C)/C)C
6QDS,HY5,domain-motif,heterodimerization-nondegrader,A,B,C[C@@H]1[C@@H]\2CC[C@@H](/C2=C/[C@]3([C@H](CC(=C3[C@H]([C@@H]1O)O[C@@H]4[C@@H]([C@H]([C@@H]([C@H](O4)COC(C)(C)C=C)O)O)O)[C@H](C)CNC(=O)C5CC5)O)C)COC
6TJM,NE5,domain-motif,heterodimerization-nondegrader,A,B,c1ccc(cc1)C(=O)C2=C(C(=O)N([C@@H]2c3ccc(cc3)[N+](=O)=O)c4ccc(c(c4)C(=O)O)O)O
6TL3,NJW,domain-motif,heterodimerization-nondegrader,A,B,c1ccc(cc1)/C(=C/2\[C@H](N(C(=O)C2=O)c3ccc(c(c3)C(=O)O)O)c4ccc(cc4)[N+](=O)[O-])/N
6OQA,60Z,domain-domain,heterodimerization-nondegrader,A,C,CC[C@H](Cc1ccccc1)[C@@H]2/C=C/C/C=C/C[C@H]([C@@H]([C@H]([C@@H]3CC[C@H]([C@@](O3)(C(=O)C(=O)N4CCCC[C@H]4C(=O)O2)O)C)C)O)C
6NV2,0V4,domain-motif,heterodimerization-nondegrader,A,P,C[C@@H]1[C@@H]\2CC[C@@H](/C2=C/[C@]3(CCC(=C3[C@H]([C@@H]1O)O[C@@H]4[C@@H]([C@H]([C@@H]([C@H](O4)CO)O)O)O)C(C)C)C)COC
6M4U,RAP,domain-domain,heterodimerization-nondegrader,A,B,C[C@@H]1CC[C@H]2C[C@@H](C(=CC=C\C=C\[C@H](C[C@H](C(=O)[C@@H]([C@@H](/C(=C/[C@H](C(=O)C[C@H](OC(=O)[C@@H]3CCCCN3C(=O)C(=O)[C@@]1(O2)O)[C@H](C)C[C@@H]4CC[C@H]([C@@H](C4)OC)O)C)/C)O)OC)C)C)C)OC
6YGJ,OQE,domain-motif,heterodimerization-nondegrader,A,B,c1ccc(cc1)CCNC(=O)COc2ccccc2P(=O)(O)O
7JUR,QOM,domain-domain,heterodimerization-nondegrader,B,C,CC1=C2C(=C(N(C1=O)C)Nc3ccc(cc3F)I)C(=O)N(C(=O)N2c4cccc(c4)NC(=O)C)C5CC5
7JUX,QOM,domain-domain,heterodimerization-nondegrader,A,C,CC1=C2C(=C(N(C1=O)C)Nc3ccc(cc3F)I)C(=O)N(C(=O)N2c4cccc(c4)NC(=O)C)C5CC5
6Y4K,FSC,domain-motif,heterodimerization-nondegrader,A,E,C[C@@H]1[C@@H]\2CC[C@@H](/C2=C/[C@]3([C@H](CC(=C3[C@H]([C@@H]1O)O[C@@H]4[C@@H]([C@H]([C@@H]([C@H](O4)COC(C)(C)C=C)O)OC(=O)C)O)[C@H](C)COC(=O)C)O)C)COC
6Y6B,OD8,domain-motif,heterodimerization-nondegrader,B,D,C[C@@H]1[C@@H]2CC[C@@H]([C@H]2C[C@]3(CC[C@H]([C@@H]3[C@H]([C@@H]1O)O[C@@H]4[C@@H]([C@H]([C@@H]([C@H](O4)CO)O)O)O)C(C)C)C)COC
7M2K,GZM,domain-domain,heterodimerization-nondegrader,A,B,CCNC(=O)C1(CCN(CC1)C(=O)COC)Cc2ccc(cc2)c3cc(cc(c3)Cl)Cl
7TE8,P0T,domain-domain,heterodimerization-nondegrader,A,C,CCCCCc1cc(c(c(c1)O)[C@@H]2C=C(CC[C@H]2C(=C)C)C)O
8ADM,O6C,domain-motif,heterodimerization-nondegrader,A,P,CC(C)(C(=O)N1CCC(CC1)C(=O)NCCSSCCN(C)C)Oc2ccc(cc2)Cl
8AFN,O6C,domain-motif,heterodimerization-nondegrader,A,B,CC(C)(C(=O)N1CCC(CC1)C(=O)NCCSSCCN(C)C)Oc2ccc(cc2)Cl
8AV0,O6C,domain-motif,heterodimerization-nondegrader,A,P,CC(C)(C(=O)N1CCC(CC1)C(=O)NCCSSCCN(C)C)Oc2ccc(cc2)Cl
8A62,L7L,domain-motif,heterodimerization-nondegrader,A,B,
8A65,L70,domain-motif,heterodimerization-nondegrader,A,B,
8A68,L7U,domain-motif,heterodimerization-nondegrader,A,B,
8A6H,L6L,domain-motif,heterodimerization-nondegrader,A,P,
8A6F,O56,domain-motif,heterodimerization-nondegrader,A,P,
8BYF,S6X,domain-motif,heterodimerization-nondegrader,A,B,
8BXI,S0O,domain-motif,heterodimerization-nondegrader,A,B,
8BX3,RZL,domain-motif,heterodimerization-nondegrader,A,B,
8BYO,U0L,domain-motif,heterodimerization-nondegrader,A,B,
8BWJ,RYR,domain-motif,heterodimerization-nondegrader,A,B,
8BX0,S2U,domain-motif,heterodimerization-nondegrader,A,B,
8BX4,RZC,domain-motif,heterodimerization-nondegrader,A,B,
8BWZ,S3I,domain-motif,heterodimerization-nondegrader,A,B,
8BYY,SE3,domain-motif,heterodimerization-nondegrader,A,B,
8BXM,S0U,domain-motif,heterodimerization-nondegrader,A,B,
8BYB,S8O,domain-motif,heterodimerization-nondegrader,A,B,
8BXN,S1R,domain-motif,heterodimerization-nondegrader,A,B,
8BXO,S1I,domain-motif,heterodimerization-nondegrader,A,B,
8BYD,S7I,domain-motif,heterodimerization-nondegrader,A,B,
8BY9,S86,domain-motif,heterodimerization-nondegrader,A,B,
8BXS,S2E,domain-motif,heterodimerization-nondegrader,A,B,
8BXQ,S3U,domain-motif,heterodimerization-nondegrader,A,B,
8BWX,RZT,domain-motif,heterodimerization-nondegrader,A,B,
8C0K,SOI,domain-motif,heterodimerization-nondegrader,A,B,
8BYE,RY0,domain-motif,heterodimerization-nondegrader,A,B,
8BYC,S7R,domain-motif,heterodimerization-nondegrader,A,B,
8PPZ,0AN,domain-domain,heterodimerization-nondegrader,A,B,c1ccc(c(c1)/C=C/[C@H]2CN(C(=O)[C@@H]3CCC[C@H]2N3S(=O)(=O)c4cc(cc(c4)Cl)Cl)Cc5ccccn5)Cl
8BYG,S6O,domain-motif,heterodimerization-nondegrader,A,B,
8JYC,DMA,domain-domain,heterodimerization-nondegrader,A,D,CC(=CCO[P@@](=O)(O)OP(=O)(O)O)C
8JYE,H6P,domain-domain,heterodimerization-nondegrader,A,D,C/C(=C\CO[P@@](=O)(O)OP(=O)(O)O)/CO
8TBF,ZNI,domain-domain,heterodimerization-nondegrader,A,D,CCn1c2ccc-3cc2c(c1c4cc(cnc4[C@H](C)OC)N5CCN(CC5)C6CC6)CC(COC(=O)[C@@H]7CCCN(N7)C(=O)[C@H](Cc8nc3cs8)NC(=O)C9[C@H]1[C@@H]9COC1)(C)C
8TBG,ZNI,domain-domain,heterodimerization-nondegrader,A,D,CCn1c2ccc-3cc2c(c1c4cc(cnc4[C@H](C)OC)N5CCN(CC5)C6CC6)CC(COC(=O)[C@@H]7CCCN(N7)C(=O)[C@H](Cc8nc3cs8)NC(=O)C9[C@H]1[C@@H]9COC1)(C)C
8TBH,ZNI,domain-domain,heterodimerization-nondegrader,A,D,CCn1c2ccc-3cc2c(c1c4cc(cnc4[C@H](C)OC)N5CCN(CC5)C6CC6)CC(COC(=O)[C@@H]7CCCN(N7)C(=O)[C@H](Cc8nc3cs8)NC(=O)C9[C@H]1[C@@H]9COC1)(C)C
8TBI,ZNI,domain-domain,heterodimerization-nondegrader,B,C,CCn1c2ccc-3cc2c(c1c4cc(cnc4[C@H](C)OC)N5CCN(CC5)C6CC6)CC(COC(=O)[C@@H]7CCCN(N7)C(=O)[C@H](Cc8nc3cs8)NC(=O)C9[C@H]1[C@@H]9COC1)(C)C
8TBJ,ZNI,domain-domain,heterodimerization-nondegrader,A,D,CCn1c2ccc-3cc2c(c1c4cc(cnc4[C@H](C)OC)N5CCN(CC5)C6CC6)CC(COC(=O)[C@@H]7CCCN(N7)C(=O)[C@H](Cc8nc3cs8)NC(=O)C9[C@H]1[C@@H]9COC1)(C)C
8TBK,ZNI,domain-domain,heterodimerization-nondegrader,A,D,CCn1c2ccc-3cc2c(c1c4cc(cnc4[C@H](C)OC)N5CCN(CC5)C6CC6)CC(COC(=O)[C@@H]7CCCN(N7)C(=O)[C@H](Cc8nc3cs8)NC(=O)C9[C@H]1[C@@H]9COC1)(C)C
8TBL,ZNI,domain-domain,heterodimerization-nondegrader,A,D,CCn1c2ccc-3cc2c(c1c4cc(cnc4[C@H](C)OC)N5CCN(CC5)C6CC6)CC(COC(=O)[C@@H]7CCCN(N7)C(=O)[C@H](Cc8nc3cs8)NC(=O)C9[C@H]1[C@@H]9COC1)(C)C
8TBM,ZNI,domain-domain,heterodimerization-nondegrader,A,D,CCn1c2ccc-3cc2c(c1c4cc(cnc4[C@H](C)OC)N5CCN(CC5)C6CC6)CC(COC(=O)[C@@H]7CCCN(N7)C(=O)[C@H](Cc8nc3cs8)NC(=O)C9[C@H]1[C@@H]9COC1)(C)C
8TBN,ZNI,domain-domain,heterodimerization-nondegrader,A,D,CCn1c2ccc-3cc2c(c1c4cc(cnc4[C@H](C)OC)N5CCN(CC5)C6CC6)CC(COC(=O)[C@@H]7CCCN(N7)C(=O)[C@H](Cc8nc3cs8)NC(=O)C9[C@H]1[C@@H]9COC1)(C)C
9AXM,A1AHE,domain-domain,heterodimerization-nondegrader,A,B,CC1=C(C(=O)Oc2c1ccc(c2)Oc3c(cccn3)F)Cc4ccnc(c4F)NS(=O)(=O)NC
9AXX,A1AHE,domain-domain,heterodimerization-nondegrader,A,D,CC1=C(C(=O)Oc2c1ccc(c2)Oc3c(cccn3)F)Cc4ccnc(c4F)NS(=O)(=O)NC
9AYA,A1AHE,domain-domain,heterodimerization-nondegrader,A,B,CC1=C(C(=O)Oc2c1ccc(c2)Oc3c(cccn3)F)Cc4ccnc(c4F)NS(=O)(=O)NC
8W31,A1AE9,domain-domain,heterodimerization-nondegrader,A,C,CC(=O)N1Cc2c(cnn2C[C@@H]1Cc3ccccc3)c4ccc(cc4)C(=O)N5CCCc6c5cccc6
9BGH,ZNI,domain-domain,heterodimerization-nondegrader,C,D,CCn1c2ccc-3cc2c(c1c4cc(cnc4[C@H](C)OC)N5CCN(CC5)C6CC6)CC(COC(=O)[C@@H]7CCCN(N7)C(=O)[C@H](Cc8nc3cs8)NC(=O)C9[C@H]1[C@@H]9COC1)(C)C
9BHO,ZNI,domain-domain,heterodimerization-nondegrader,A,B,CCn1c2ccc-3cc2c(c1c4cc(cnc4[C@H](C)OC)N5CCN(CC5)C6CC6)CC(COC(=O)[C@@H]7CCCN(N7)C(=O)[C@H](Cc8nc3cs8)NC(=O)C9[C@H]1[C@@H]9COC1)(C)C
9BHP,ZNI,domain-domain,heterodimerization-nondegrader,C,D,CCn1c2ccc-3cc2c(c1c4cc(cnc4[C@H](C)OC)N5CCN(CC5)C6CC6)CC(COC(=O)[C@@H]7CCCN(N7)C(=O)[C@H](Cc8nc3cs8)NC(=O)C9[C@H]1[C@@H]9COC1)(C)C
9BHQ,ZNI,domain-domain,heterodimerization-nondegrader,A,B,CCn1c2ccc-3cc2c(c1c4cc(cnc4[C@H](C)OC)N5CCN(CC5)C6CC6)CC(COC(=O)[C@@H]7CCCN(N7)C(=O)[C@H](Cc8nc3cs8)NC(=O)C9[C@H]1[C@@H]9COC1)(C)C
9BI1,ZNI,domain-domain,heterodimerization-nondegrader,C,D,CCn1c2ccc-3cc2c(c1c4cc(cnc4[C@H](C)OC)N5CCN(CC5)C6CC6)CC(COC(=O)[C@@H]7CCCN(N7)C(=O)[C@H](Cc8nc3cs8)NC(=O)C9[C@H]1[C@@H]9COC1)(C)C
9BI2,ZNI,domain-domain,heterodimerization-nondegrader,A,B,CCn1c2ccc-3cc2c(c1c4cc(cnc4[C@H](C)OC)N5CCN(CC5)C6CC6)CC(COC(=O)[C@@H]7CCCN(N7)C(=O)[C@H](Cc8nc3cs8)NC(=O)C9[C@H]1[C@@H]9COC1)(C)C
6VCB,QW7,domain-domain,heterodimerization-nondegrader,R,P,C[C@H](c1c(ccc(c1Cl)OC)Cl)n2cnc3c2cc(cc3)c4ccccc4[C@H]5CCCCN5
7LRD,X5M,domain-domain,heterodimerization-nondegrader,A,B,
7EG0,J33,domain-domain,heterodimerization-nondegrader,A,B,
7EG4,J36,domain-domain,heterodimerization-nondegrader,A,B,
7EG1,X5M,domain-domain,heterodimerization-nondegrader,A,B,
1A7X,FKA,domain-domain,homodimerization,A,B,
3BBR,BHY,domain-domain,homodimerization,A,B,
3KO0,TFP,domain-domain,homodimerization,A,B,
3TCT,3MI,domain-domain,homodimerization,A,B,
3U15,03M,domain-domain,homodimerization,A,B,Cc1c(ccc2c1[nH]cc2/C=C\3/C(=O)N(C(=O)N3)Cc4ccc(c(c4)F)F)Cl
3VBG,03M,domain-domain,homodimerization,A,B,Cc1c(ccc2c1[nH]cc2/C=C\3/C(=O)N(C(=O)N3)Cc4ccc(c(c4)F)F)Cl
5J89,6GX,domain-domain,homodimerization,A,B,
5J8O,6GZ,domain-domain,homodimerization,A,B,
5AD2,ETU,domain-domain,homodimerization,A,B,
5AD3,K6K,domain-domain,homodimerization,A,B,
5NIU,8YZ,domain-domain,homodimerization,A,B,
6R3K,JQT,domain-domain,homodimerization,A,B,
6QTL,CFF,domain-domain,homodimerization,A,C,
6MG5,6ZW,domain-domain,homodimerization,A,B,
6C8C,EQ7,domain-domain,homodimerization,A,B,
6KL6,DJU,domain-domain,homodimerization,B,D,
6KL5,DJO,domain-domain,homodimerization,A,C,
7NLD,UGZ,domain-domain,homodimerization,A,B,
7DY7,HOU,domain-domain,homodimerization,A,B,
6XMX,U52,domain-domain,homodimerization,C,D,
